il,ilçe
adana,aladağ
adana,ceyhan
adana,çukurova
adana,feke
adana,imamoğlu
adana,karaisalı
adana,karataş
adana,kozan
adana,pozantı
adana,saimbeyli
adana,sarıçam
adana,seyhan
adana,tufanbeyli
adana,yumurtalık
adana,yüreğir
adıyaman,besni
adıyaman,çelikhan
adıyaman,gerger
adıyaman,gölbaşı
adıyaman,kahta
adıyaman,samsat
adıyaman,sincik
adıyaman,tut
afyonkarahisar,başmakçı
afyonkarahisar,bayat
afyonkarahisar,bolvadin
afyonkarahisar,çay
afyonkarahisar,çobanlar
afyonkarahisar,dazkırı
afyonkarahisar,dinar
afyonkarahisar,emirdağ
afyonkarahisar,evciler
afyonkarahisar,hocalar
afyonkarahisar,ihsaniye
afyonkarahisar,iscehisar
afyonkarahisar,kızılören
afyonkarahisar,sandıklı
afyonkarahisar,sinanpaşa
afyonkarahisar,sultandağı
afyonkarahisar,şuhut
ağrı,diyadin
ağrı,doğubayazıt
ağrı,eleşkirt
ağrı,hamur
ağrı,patnos
ağrı,taşlıçay
ağrı,tutak
amasya,göynücek
amasya,gümüşhacıköy
amasya,hamamözü
amasya,merzifon
amasya,suluova
amasya,taşova
ankara,akyurt
ankara,altındağ
ankara,ayaş
ankara,bala
ankara,beypazarı
ankara,çamlıdere
ankara,çankaya
ankara,çubuk
ankara,elmadağ
ankara,etimesgut
ankara,evren
ankara,gölbaşı
ankara,güdül
ankara,haymana
ankara,kahramankazan
ankara,kalecik
ankara,keçiören
ankara,kızılcahamam
ankara,mamak
ankara,nallıhan
ankara,polatlı
ankara,pursaklar
ankara,sincan
ankara,şereflikoçhisar
ankara,yenimahalle
antalya,akseki
antalya,aksu
antalya,alanya
antalya,demre
antalya,döşemealtı
antalya,elmali
antalya,finike
antalya,gazipaşa
antalya,gündoğmuş
antalya,ibradı
antalya,kaş
antalya,kemer
antalya,kepez
antalya,konyaaltı
antalya,korkuteli
antalya,kumluca
antalya,manavgat
antalya,muratpaşa
antalya,serik
artvin,ardanuç
artvin,arhavi
artvin,borçka
artvin,hopa
artvin,kemalpaşa
artvin,murgul
artvin,şavşat
artvin,yusufeli
aydın,bozdoğan
aydın,buharkent
aydın,çine
aydın,didim
aydın,efeler
aydın,germencik
aydın,incirliova
aydın,karacasu
aydın,karpuzlu
aydın,koçarlı
aydın,köşk
aydın,kuşadası
aydın,kuyucak
aydın,nazilli
aydın,söke
aydın,sultanhisar
aydın,yenipazar
balıkesir,altıeylül
balıkesir,ayvalık
balıkesir,balya
balıkesir,bandırma
balıkesir,bigadiç
balıkesir,burhaniye
balıkesir,dursunbey
balıkesir,edremit
balıkesir,erdek
balıkesir,gömeç
balıkesir,gönen
balıkesir,havran
balıkesir,ivrindi
balıkesir,karesi
balıkesir,kepsut
balıkesir,manyas
balıkesir,marmara
balıkesir,savaştepe
balıkesir,sındırgı
balıkesir,susurluk
bilecik,bozüyük
bilecik,gölpazarı
bilecik,inhisar
bilecik,osmaneli
bilecik,pazaryeri
bilecik,söğüt
bilecik,yenipazar
bingöl,adaklı
bingöl,genç
bingöl,karlıova
bingöl,kiğı
bingöl,solhan
bingöl,yayladere
bingöl,yedisu
bitlis,adilcevaz
bitlis,ahlat
bitlis,güroymak
bitlis,hizan
bitlis,mutki
bitlis,tatvan
bolu,dörtdivan
bolu,gerede
bolu,göynük
bolu,kıbrıscık
bolu,mengen
bolu,mudurnu
bolu,seben
bolu,yeniçağa
burdur,ağlasun
burdur,altınyayla
burdur,bucak
burdur,çavdır
burdur,çeltikçi
burdur,gölhisar
burdur,karamanlı
burdur,kemer
burdur,tefenni
burdur,yeşilova
bursa,büyükorhan
bursa,gemlik
bursa,gürsu
bursa,harmancık
bursa,inegöl
bursa,iznik
bursa,karacabey
bursa,keles
bursa,kestel
bursa,mudanya
bursa,mustafakemalpaşa
bursa,nilüfer
bursa,orhaneli
bursa,orhangazi
bursa,osmangazi
bursa,yenişehir
bursa,yıldırım
çanakkale,ayvacık
çanakkale,bayramiç
çanakkale,biga
çanakkale,bozcaada
çanakkale,çan
çanakkale,eceabat
çanakkale,ezine
çanakkale,gelibolu
çanakkale,gökçeada
çanakkale,lapseki
çanakkale,yenice
çankırı,atkaracalar
çankırı,bayramören
çankırı,çerkeş
çankırı,eldivan
çankırı,ılgaz
çankırı,kızılırmak
çankırı,korgun
çankırı,kurşunlu
çankırı,orta
çankırı,şabanözü
çankırı,yapraklı
çorum,alaca
çorum,bayat
çorum,boğazkale
çorum,dodurga
çorum,iskilip
çorum,kargı
çorum,laçin
çorum,mecitözü
çorum,oğuzlar
çorum,ortaköy
çorum,osmancık
çorum,sungurlu
çorum,uğurludağ
denizli,acıpayam
denizli,babadağ
denizli,baklan
denizli,bekilli
denizli,beyağaç
denizli,bozkurt
denizli,buldan
denizli,çal
denizli,çameli
denizli,çardak
denizli,çivril
denizli,güney
denizli,honaz
denizli,kale
denizli,merkezefendi
denizli,pamukkale
denizli,sarayköy
denizli,serinhisar
denizli,tavas
diyarbakır,bağlar
diyarbakır,bismil
diyarbakır,çermik
diyarbakır,çınar
diyarbakır,çüngüş
diyarbakır,dicle
diyarbakır,eğil
diyarbakır,ergani
diyarbakır,hani
diyarbakır,hazro
diyarbakır,kayapınar
diyarbakır,kocaköy
diyarbakır,kulp
diyarbakır,lice
diyarbakır,silvan
diyarbakır,sur
diyarbakır,yenişehir
edirne,enez
edirne,havsa
edirne,ipsala
edirne,keşan
edirne,lalapaşa
edirne,meriç
edirne,süloğlu
edirne,uzunköprü
elazığ,ağın
elazığ,alacakaya
elazığ,arıcak
elazığ,baskil
elazığ,karakoçan
elazığ,keban
elazığ,kovancılar
elazığ,maden
elazığ,palu
elazığ,sivrice
erzincan,çayirli
erzincan,iliç
erzincan,kemah
erzincan,kemaliye
erzincan,otlukbeli
erzincan,refahiye
erzincan,tercan
erzincan,üzümlü
erzurum,aşkale
erzurum,aziziye
erzurum,çat
erzurum,hınıs
erzurum,horasan
erzurum,ispir
erzurum,karaçoban
erzurum,karayazı
erzurum,köprüköy
erzurum,narman
erzurum,oltu
erzurum,olur
erzurum,palandöken
erzurum,pasinler
erzurum,pazaryolu
erzurum,şenkaya
erzurum,tekman
erzurum,tortum
erzurum,uzundere
erzurum,yakutiye
eskişehir,alpu
eskişehir,beylikova
eskişehir,çifteler
eskişehir,günyüzü
eskişehir,han
eskişehir,inönü
eskişehir,mahmudiye
eskişehir,mihalgazi
eskişehir,mihaliççik
eskişehir,odunpazarı
eskişehir,saricakaya
eskişehir,seyitgazi
eskişehir,sivrihisar
eskişehir,tepebaşi
gaziantep,araban
gaziantep,islahiye
gaziantep,karkamış
gaziantep,nizip
gaziantep,nurdaği
gaziantep,oğuzeli
gaziantep,şahinbey
gaziantep,şehitkamil
gaziantep,yavuzeli
giresun,alucra
giresun,bulancak
giresun,çamolu
giresun,çanakçi
giresun,dereli
giresun,doğankent
giresun,espiye
giresun,eynesil
giresun,görele
giresun,güce
giresun,keşap
giresun,piraziz
giresun,şebinkarahisar
giresun,tirebolu
giresun,yağlidere
gümüşhane,kelkit
gümüşhane,köse
gümüşhane,kürtün
gümüşhane,şiran
gümüşhane,torul
hakkari,çukurca
hakkari,derecik
hakkari,şemdinli
hakkari,yüksekova
hatay,altınözü
hatay,antakya
hatay,arsuz
hatay,belen
hatay,defne
hatay,dörtyol
hatay,erzin
hatay,hassa
hatay,iskenderun
hatay,kirikhan
hatay,kumlu
hatay,payas
hatay,reyhanli
hatay,samandağ
hatay,yayladaği
ısparta,aksu
ısparta,atabey
ısparta,eğirdir
ısparta,gelendost
ısparta,gönen
ısparta,keçiborlu
ısparta,senirkent
ısparta,sütçüler
ısparta,şarkikaraağaç
ısparta,uluborlu
ısparta,yalvaç
ısparta,yenişarbademli
mersin,akdeniz
mersin,anamur
mersin,aydıncık
mersin,bozyazı
mersin,çamlıyayla
mersin,erdemli
mersin,gülnar
mersin,mezitli
mersin,mut
mersin,silifke
mersin,tarsus
mersin,toroslar
mersin,yenişehir
istanbul,adalar
istanbul,arnavutköy
istanbul,ataşehir
istanbul,avcılar
istanbul,bağcılar
istanbul,bahçelievler
istanbul,bakırköy
istanbul,başakşehir
istanbul,bayrampaşa
istanbul,beşiktaş
istanbul,beykoz
istanbul,beylikdüzü
istanbul,beyoğlu
istanbul,büyükçekmece
istanbul,çatalca
istanbul,çekmeköy
istanbul,esenler
istanbul,esenyurt
istanbul,eyüpsultan
istanbul,fatih
istanbul,gaziosmanpaşa
istanbul,güngören
istanbul,kadıköy
istanbul,kağıthane
istanbul,kartal
istanbul,küçükçekmece
istanbul,maltepe
istanbul,pendik
istanbul,sancaktepe
istanbul,sarıyer
istanbul,silivri
istanbul,sultanbeyli
istanbul,sultangazi
istanbul,şile
istanbul,şişli
istanbul,tuzla
istanbul,ümraniye
istanbul,üsküdar
istanbul,zeytinburnu
izmir,aliağa
izmir,balçova
izmir,bayındır
izmir,bayraklı
izmir,bergama
izmir,beydağ
izmir,bornova
izmir,buca
izmir,çeşme
izmir,çiğli
izmir,dikili
izmir,foça
izmir,gaziemir
izmir,güzelbahçe
izmir,karabağlar
izmir,karaburun
izmir,karşıyaka
izmir,kemalpaşa
izmir,kınık
izmir,kiraz
izmir,konak
izmir,menderes
izmir,menemen
izmir,narlıdere
izmir,ödemiş
izmir,seferihisar
izmir,selçuk
izmir,tire
izmir,torbalı
izmir,urla
kars,akyaka
kars,arpaçay
kars,digor
kars,kağızman
kars,sarıkamış
kars,selim
kars,susuz
kastamonu,abana
kastamonu,ağlı
kastamonu,araç
kastamonu,azdavay
kastamonu,bozkurt
kastamonu,cide
kastamonu,çatalzeytin
kastamonu,daday
kastamonu,devrekani
kastamonu,doğanyurt
kastamonu,hanönü
kastamonu,ihsangazi
kastamonu,inebolu
kastamonu,küre
kastamonu,pınarbaşı
kastamonu,seydiler
kastamonu,şenpazar
kastamonu,taşköprü
kastamonu,tosya
kayseri,akkışla
kayseri,bünyan
kayseri,develi
kayseri,felahiye
kayseri,hacılar
kayseri,incesu
kayseri,kocasinan
kayseri,melikgazi
kayseri,özvatan
kayseri,pınarbaşı
kayseri,sarıoğlan
kayseri,sarız
kayseri,talas
kayseri,tomarza
kayseri,yahyalı
kayseri,yeşilhisar
kırklareli,babaeski
kırklareli,demirköy
kırklareli,kofçaz
kırklareli,lüleburgaz
kırklareli,pehlivanköy
kırklareli,pınarhisar
kırklareli,vize
kırşehir,akçakent
kırşehir,akpınar
kırşehir,boztepe
kırşehir,çiçekdağı
kırşehir,kaman
kırşehir,mucur
kocaeli,başiskele
kocaeli,çayırova
kocaeli,darıca
kocaeli,derince
kocaeli,dilovası
kocaeli,gebze
kocaeli,gölcük
kocaeli,izmit
kocaeli,kandıra
kocaeli,karamürsel
kocaeli,kartepe
kocaeli,körfez
konya,ahırlı
konya,akören
konya,akşehir
konya,altınekin
konya,beyşehir
konya,bozkır
konya,cihanbeyli
konya,çeltik
konya,çumra
konya,derbent
konya,derebucak
konya,doğanhisar
konya,emirgazi
konya,ereğli
konya,güneysınır
konya,hadim
konya,halkapınar
konya,hüyük
konya,ılgın
konya,kadınhanı
konya,karapınar
konya,karatay
konya,kulu
konya,meram
konya,sarayönü
konya,selçuklu
konya,seydişehir
konya,taşkent
konya,tuzlukçu
konya,yalıhüyük
konya,yunak
kütahya,altıntaş
kütahya,aslanapa
kütahya,çavdarhisar
kütahya,domaniç
kütahya,dumlupınar
kütahya,emet
kütahya,gediz
kütahya,hisarcık
kütahya,pazarlar
kütahya,simav
kütahya,şaphane
kütahya,tavşanlı
malatya,akçadağ
malatya,arapgir
malatya,arguvan
malatya,battalgazi
malatya,darende
malatya,doğanşehir
malatya,doğanyol
malatya,hekimhan
malatya,kale
malatya,kuluncak
malatya,pütürge
malatya,yazıhan
malatya,yeşilyurt
manisa,ahmetli
manisa,akhisar
manisa,alaşehir
manisa,demirci
manisa,gölmarmara
manisa,gördes
manisa,kırkağaç
manisa,köprübaşı
manisa,kula
manisa,salihli
manisa,sarıgöl
manisa,saruhanlı
manisa,selendi
manisa,soma
manisa,şehzadeler
manisa,turgutlu
manisa,yunusemre
kahramanmaraş,afşin
kahramanmaraş,andırın
kahramanmaraş,çağlayancerit
kahramanmaraş,dulkadiroğlu
kahramanmaraş,ekinözü
kahramanmaraş,elbistan
kahramanmaraş,göksun
kahramanmaraş,nurhak
kahramanmaraş,onikişubat
kahramanmaraş,pazarcık
kahramanmaraş,türkoğlu
mardin,artuklu
mardin,dargeçit
mardin,derik
mardin,kızıltepe
mardin,mazıdağı
mardin,midyat
mardin,nusaybin
mardin,ömerli
mardin,savur
mardin,yeşilli
muğla,bodrum
muğla,dalaman
muğla,datça
muğla,fethiye
muğla,kavaklıdere
muğla,köyceğiz
muğla,marmaris
muğla,menteşe
muğla,milas
muğla,ortaca
muğla,seydikemer
muğla,ula
muğla,yatağan
muş,bulanık
muş,hasköy
muş,korkut
muş,malazgirt
muş,varto
nevşehir,acıgöl
nevşehir,avanos
nevşehir,derinkuyu
nevşehir,gülşehir
nevşehir,hacıbektaş
nevşehir,kozaklı
nevşehir,ürgüp
niğde,altunhisar
niğde,bor
niğde,çamardı
niğde,çiftlik
niğde,ulukışla
ordu,akkuş
ordu,altınordu
ordu,aybastı
ordu,çamaş
ordu,çatalpınar
ordu,çaybaşı
ordu,fatsa
ordu,gölköy
ordu,gülyalı
ordu,gürgentepe
ordu,ikizce
ordu,kabadüz
ordu,kabataş
ordu,korgan
ordu,kumru
ordu,mesudiye
ordu,perşembe
ordu,ulubey
ordu,ünye
rize,ardeşen
rize,çamlıhemşin
rize,çayeli
rize,derepazarı
rize,fındıklı
rize,güneysu
rize,hemşin
rize,ikizdere
rize,iyidere
rize,kalkandere
rize,pazar
sakarya,adapazarı
sakarya,akyazı
sakarya,arifiye
sakarya,erenler
sakarya,ferizli
sakarya,geyve
sakarya,hendek
sakarya,karapürçek
sakarya,karasu
sakarya,kaynarca
sakarya,kocaali
sakarya,pamukova
sakarya,sapanca
sakarya,serdivan
sakarya,söğütlü
sakarya,taraklı
samsun,19 mayıs
samsun,alaçam
samsun,asarcık
samsun,atakum
samsun,ayvacık
samsun,bafra
samsun,canik
samsun,çarşamba
samsun,havza
samsun,ilk adım
samsun,kavak
samsun,ladik
samsun,salıpazarı
samsun,tekkeköy
samsun,terme
samsun,vezirköprü
samsun,yakakent
siirt,baykan
siirt,eruh
siirt,kurtalan
siirt,pervari
siirt,şirvan
siirt,tillo
sinop,ayancık
sinop,boyabat
sinop,dikmen
sinop,durağan
sinop,erfelek
sinop,gerze
sinop,saraydüzü
sinop,türkeli
sivas,akıncılar
sivas,altınyayla
sivas,divriği
sivas,doğanşar
sivas,gemerek
sivas,gölova
sivas,gürün
sivas,hafik
sivas,imranlı
sivas,kangal
sivas,koyulhisar
sivas,suşehri
sivas,şarkışla
sivas,ulaş
sivas,yıldızeli
sivas,zara
tekirdağ,çerkezköy
tekirdağ,çorlu
tekirdağ,ergene
tekirdağ,hayrabolu
tekirdağ,kapaklı
tekirdağ,malkara
tekirdağ,marmaraereğlisi
tekirdağ,muratlı
tekirdağ,saray
tekirdağ,süleymanpaşa
tekirdağ,şarköy
tokat,almus
tokat,artova
tokat,başçiftlik
tokat,erbaa
tokat,niksar
tokat,pazar
tokat,reşadiye
tokat,sulusaray
tokat,turhal
tokat,yeşilyurt
tokat,zile
trabzon,akçaabat
trabzon,araklı
trabzon,arsin
trabzon,beşikdüzü
trabzon,çarşıbaşı
trabzon,çaykara
trabzon,dernekpazarı
trabzon,düzköy
trabzon,hayrat
trabzon,köprübaşı
trabzon,maçka
trabzon,of
trabzon,ortahisar
trabzon,sürmene
trabzon,şalpazarı
trabzon,tonya
trabzon,vakfıkebir
trabzon,yomra
tunceli,çemişgezek
tunceli,hozat
tunceli,mazgirt
tunceli,nazımiye
tunceli,ovacık
tunceli,pertek
tunceli,pülümür
şanlıurfa,akçakale
şanlıurfa,birecik
şanlıurfa,bozova
şanlıurfa,ceylanpınar
şanlıurfa,eyyübiye
şanlıurfa,halfeti
şanlıurfa,haliliye
şanlıurfa,harran
şanlıurfa,hilvan
şanlıurfa,karaköprü
şanlıurfa,siverek
şanlıurfa,suruç
şanlıurfa,viranşehir
uşak,banaz
uşak,eşme
uşak,karahallı
uşak,sivaslı
uşak,ulubey
van,bahçesaray
van,başkale
van,çaldıran
van,çatak
van,edremit
van,erciş
van,gevaş
van,gürpınar
van,ipekyolu
van,muradiye
van,özalp
van,saray
van,tuşba
yozgat,akdağmadeni
yozgat,aydıncık
yozgat,boğazlıyan
yozgat,çandır
yozgat,çayiralan
yozgat,çekerek
yozgat,kadışehri
yozgat,saraykent
yozgat,sarıkaya
yozgat,sorgun
yozgat,şefaatli
yozgat,yenifakılı
yozgat,yerköy
zonguldak,alaplı
zonguldak,çaycuma
zonguldak,devrek
zonguldak,ereğli
zonguldak,gökçebey
zonguldak,kilimli
zonguldak,kozlu
aksaray,ağaçören
aksaray,eskil
aksaray,gülağaç
aksaray,güzelyurt
aksaray,ortaköy
aksaray,sarıyahşi
aksaray,sultanhanı
bayburt,aydıntepe
bayburt,demirözü
karaman,ayrancı
karaman,başyayla
karaman,ermenek
karaman,kazımkarabekir
karaman,sarıveliler
kırıkkale,bahşılı
kırıkkale,balışeyh
kırıkkale,çelebi
kırıkkale,delice
kırıkkale,karakeçili
kırıkkale,keskin
kırıkkale,sulakyurt
kırıkkale,yahşihan
batman,beşiri
batman,gercüş
batman,hasankeyf
batman,kozluk
batman,sason
şırnak,beytüşşebap
şırnak,cizre
şırnak,güçlükonak
şırnak,idil
şırnak,silopi
şırnak,uludere
bartın,amasra
bartın,kurucaşile
bartın,ulus
ardahan,çıldır
ardahan,damal
ardahan,göle
ardahan,hanak
ardahan,posof
ığdır,aralık
ığdır,karakoyunlu
ığdır,tuzluca
yalova,altınova
yalova,armutlu
yalova,çınarcık
yalova,çiftlikköy
yalova,termal
karabük,eflani
karabük,eskipazar
karabük,ovacık
karabük,safranbolu
karabük,yenice
kilis,elbeyli
kilis,musabeyli
kilis,polateli
osmaniye,bahçe
osmaniye,düziçi
osmaniye,hasanbeyli
osmaniye,kadirli
osmaniye,sumbas
osmaniye,toprakkale
düzce,akçakoca
düzce,cumayeri
düzce,çilimli
düzce,gölyaka
düzce,gümüşova
düzce,kaynaşlı
düzce,yığılca
